country,group,subgroup,age,score,count
AE,education,graduate degree,36.5,73.5,4.0
AE,education,high school,17.75,70.5,4.0
AE,education,university,29.5,28.167,6.0
AR,education,high school,18.0,59.0,2.0
AR,education,less than high school,17.0,14.0,1.0
AR,education,university,30.429,50.571,7.0
AU,education,graduate degree,39.093,43.535,43.0
AU,education,high school,21.435,58.826,23.0
AU,education,less than high school,16.5,51.5,2.0
AU,education,university,34.61,47.481,77.0
BN,education,graduate degree,28.333,33.5,6.0
BN,education,high school,19.889,63.889,18.0
BN,education,less than high school,16.0,93.5,2.0
BN,education,university,24.423,72.423,26.0
BR,education,graduate degree,29.333,55.667,12.0
BR,education,high school,19.409,58.182,22.0
BR,education,university,26.966,61.31,29.0
CA,education,graduate degree,35.217,42.565,46.0
CA,education,high school,21.377,56.557,61.0
CA,education,less than high school,27.0,57.667,3.0
CA,education,university,32.344,51.576,125.0
CZ,education,graduate degree,24.5,83.5,2.0
CZ,education,high school,22.167,53.167,6.0
CZ,education,university,34.667,48.667,3.0
DE,education,graduate degree,33.812,36.5,16.0
DE,education,high school,21.314,60.714,35.0
DE,education,less than high school,16.5,90.5,2.0
DE,education,university,28.394,49.212,33.0
DK,education,graduate degree,38.0,18.167,6.0
DK,education,high school,21.0,44.5,2.0
DK,education,university,36.333,22.333,3.0
EG,education,graduate degree,37.0,52.0,4.0
EG,education,high school,20.75,51.25,8.0
EG,education,university,23.364,65.091,22.0
ES,education,graduate degree,36.333,30.0,3.0
ES,education,high school,17.667,84.0,3.0
ES,education,university,24.111,35.0,9.0
FI,education,graduate degree,33.0,36.2,5.0
FI,education,high school,21.0,44.0,1.0
FI,education,university,26.273,51.636,11.0
FR,education,graduate degree,33.867,47.867,15.0
FR,education,high school,19.176,69.235,17.0
FR,education,university,25.935,56.581,31.0
GB,education,graduate degree,36.857,48.889,63.0
GB,education,high school,19.553,61.974,38.0
GB,education,less than high school,17.5,30.5,2.0
GB,education,university,32.44,51.107,150.0
GR,education,graduate degree,39.0,48.333,3.0
GR,education,high school,19.75,59.75,4.0
GR,education,university,33.0,37.0,15.0
HK,education,graduate degree,29.5,76.0,2.0
HK,education,high school,23.0,45.556,9.0
HK,education,university,24.429,57.714,7.0
HR,education,graduate degree,33.2,19.0,5.0
HR,education,high school,22.6,75.2,5.0
HR,education,university,33.2,43.0,5.0
ID,education,graduate degree,25.276,54.828,29.0
ID,education,high school,19.6,58.047,85.0
ID,education,less than high school,16.5,46.0,4.0
ID,education,university,24.012,55.523,86.0
IE,education,graduate degree,40.625,41.125,8.0
IE,education,high school,24.0,71.6,5.0
IE,education,university,27.5,57.083,12.0
IN,education,graduate degree,28.363,55.235,102.0
IN,education,high school,20.5,51.917,24.0
IN,education,less than high school,17.5,90.5,2.0
IN,education,university,25.143,53.75,56.0
IT,education,graduate degree,31.75,44.25,8.0
IT,education,high school,25.333,63.8,15.0
IT,education,less than high school,17.5,61.5,2.0
IT,education,university,25.182,61.636,11.0
JP,education,graduate degree,25.429,38.714,7.0
JP,education,high school,20.941,40.059,17.0
JP,education,university,23.909,49.0,11.0
MX,education,graduate degree,27.0,45.0,4.0
MX,education,high school,19.636,40.727,11.0
MX,education,less than high school,19.0,80.0,1.0
MX,education,university,24.6,57.8,20.0
MY,education,graduate degree,27.25,54.5,48.0
MY,education,high school,20.033,52.471,121.0
MY,education,less than high school,16.75,55.0,4.0
MY,education,university,23.29,58.571,231.0
NL,education,graduate degree,34.444,49.778,9.0
NL,education,high school,18.667,75.667,6.0
NL,education,university,28.0,35.077,13.0
NZ,education,graduate degree,37.636,33.591,22.0
NZ,education,high school,18.765,58.0,17.0
NZ,education,less than high school,16.0,56.0,2.0
NZ,education,university,26.0,53.25,32.0
PH,education,graduate degree,26.0,46.75,4.0
PH,education,high school,19.875,68.25,8.0
PH,education,less than high school,16.0,51.5,2.0
PH,education,university,23.143,70.429,14.0
PK,education,graduate degree,28.455,66.364,11.0
PK,education,high school,19.625,54.25,8.0
PK,education,university,27.923,61.692,13.0
PL,education,graduate degree,34.25,56.0,8.0
PL,education,high school,22.8,62.2,20.0
PL,education,less than high school,18.0,76.5,2.0
PL,education,university,31.0,53.231,13.0
PT,education,graduate degree,28.0,43.5,2.0
PT,education,high school,21.25,61.625,8.0
PT,education,university,38.667,39.333,6.0
RO,education,graduate degree,35.444,43.556,9.0
RO,education,high school,22.545,44.545,11.0
RO,education,university,28.222,53.556,18.0
RS,education,graduate degree,43.0,30.0,3.0
RS,education,high school,23.25,37.25,8.0
RS,education,university,29.143,49.429,7.0
RU,education,graduate degree,26.5,25.0,2.0
RU,education,high school,19.417,53.25,12.0
RU,education,university,24.625,55.875,8.0
SA,education,graduate degree,29.111,43.222,9.0
SA,education,high school,18.5,80.667,6.0
SA,education,university,28.714,48.429,7.0
SE,education,graduate degree,54.667,50.0,3.0
SE,education,high school,19.5,68.5,2.0
SE,education,less than high school,16.0,77.0,1.0
SE,education,university,37.077,53.692,13.0
SG,education,graduate degree,32.4,42.467,15.0
SG,education,high school,21.588,65.706,17.0
SG,education,less than high school,25.0,81.0,2.0
SG,education,university,27.829,43.171,35.0
TR,education,graduate degree,40.0,71.5,4.0
TR,education,high school,19.875,56.25,8.0
TR,education,less than high school,17.0,47.0,2.0
TR,education,university,22.636,53.727,11.0
US,education,graduate degree,40.147,42.595,346.0
US,education,high school,22.742,57.846,565.0
US,education,less than high school,21.262,59.5,42.0
US,education,university,32.292,49.894,790.0
ZA,education,graduate degree,42.75,65.0,4.0
ZA,education,high school,19.4,62.8,5.0
ZA,education,university,27.357,59.214,14.0
AE,race,arab,23.333,48.0,3.0
AE,race,asian,28.0,57.889,9.0
AE,race,white,36.0,40.0,2.0
AR,race,other,25.0,45.6,5.0
AR,race,white,28.2,51.6,5.0
AU,race,arab,26.0,56.5,2.0
AU,race,asian,26.964,52.857,28.0
AU,race,black,43.0,64.0,1.0
AU,race,indigenous australian,45.0,44.0,1.0
AU,race,other,30.75,31.875,16.0
AU,race,white,35.928,49.206,97.0
BN,race,asian,22.909,67.659,44.0
BN,race,other,23.375,55.5,8.0
BR,race,asian,17.0,63.0,1.0
BR,race,black,21.5,44.5,2.0
BR,race,other,26.333,55.467,15.0
BR,race,white,24.578,60.933,45.0
CA,race,arab,24.333,81.0,3.0
CA,race,asian,23.24,49.18,50.0
CA,race,black,26.25,80.75,4.0
CA,race,native american,36.375,49.625,8.0
CA,race,other,27.158,54.263,19.0
CA,race,white,32.457,50.166,151.0
CZ,race,white,26.0,57.455,11.0
DE,race,arab,19.5,76.0,2.0
DE,race,asian,25.167,62.833,18.0
DE,race,other,23.167,50.5,6.0
DE,race,white,27.1,48.8,60.0
DK,race,asian,19.0,48.0,1.0
DK,race,black,21.0,56.0,1.0
DK,race,other,21.0,33.0,1.0
DK,race,white,39.75,16.0,8.0
EG,race,arab,25.5,69.214,14.0
EG,race,asian,22.562,52.625,16.0
EG,race,other,27.5,59.75,4.0
ES,race,asian,23.25,42.0,4.0
ES,race,other,20.0,9.0,1.0
ES,race,white,26.6,48.0,10.0
FI,race,arab,24.0,23.0,1.0
FI,race,other,40.0,44.0,1.0
FI,race,white,27.4,48.4,15.0
FR,race,arab,24.0,64.333,3.0
FR,race,asian,25.0,104.0,1.0
FR,race,black,21.667,61.0,3.0
FR,race,other,23.75,66.375,8.0
FR,race,white,26.792,54.958,48.0
GB,race,arab,34.0,29.6,5.0
GB,race,asian,24.048,58.81,42.0
GB,race,black,31.0,29.0,2.0
GB,race,other,28.692,47.769,13.0
GB,race,white,33.251,51.649,191.0
GR,race,asian,23.0,23.0,1.0
GR,race,white,31.81,43.619,21.0
HK,race,asian,23.706,49.941,17.0
HK,race,white,34.0,117.0,1.0
HR,race,white,29.667,45.733,15.0
ID,race,arab,22.0,75.0,1.0
ID,race,asian,22.111,55.931,189.0
ID,race,indigenous australian,23.0,29.0,1.0
ID,race,native american,22.0,45.0,1.0
ID,race,other,24.0,58.182,11.0
ID,race,white,20.0,123.0,1.0
IE,race,asian,23.0,46.5,2.0
IE,race,white,31.696,55.609,23.0
IN,race,arab,20.0,76.0,1.0
IN,race,asian,26.837,54.601,153.0
IN,race,black,21.0,50.0,1.0
IN,race,native american,23.0,4.0,1.0
IN,race,other,23.63,55.37,27.0
IN,race,white,20.0,92.0,1.0
IT,race,asian,28.0,15.0,2.0
IT,race,other,19.0,63.5,2.0
IT,race,white,26.625,61.094,32.0
JP,race,asian,22.531,44.719,32.0
JP,race,other,25.333,20.0,3.0
MX,race,other,22.704,57.148,27.0
MX,race,white,24.667,35.667,9.0
MY,race,arab,17.0,44.0,1.0
MY,race,asian,22.682,57.207,358.0
MY,race,black,23.0,99.0,1.0
MY,race,other,23.159,47.545,44.0
NL,race,asian,23.0,91.0,1.0
NL,race,black,33.667,18.333,3.0
NL,race,indigenous australian,19.0,72.0,1.0
NL,race,other,27.0,50.0,1.0
NL,race,white,28.0,49.545,22.0
NZ,race,asian,22.791,54.791,43.0
NZ,race,other,27.125,50.375,8.0
NZ,race,white,37.0,35.545,22.0
PH,race,asian,22.107,65.071,28.0
PK,race,asian,26.172,59.034,29.0
PK,race,other,24.667,84.667,3.0
PL,race,asian,25.0,5.0,1.0
PL,race,white,27.238,60.286,42.0
PT,race,other,16.0,81.0,1.0
PT,race,white,29.467,49.0,15.0
RO,race,asian,31.0,53.0,1.0
RO,race,other,21.0,44.5,2.0
RO,race,white,28.629,48.686,35.0
RS,race,white,28.833,40.778,18.0
RU,race,asian,21.222,59.222,9.0
RU,race,other,20.0,47.0,2.0
RU,race,white,22.909,46.273,11.0
SA,race,arab,27.333,48.6,15.0
SA,race,asian,24.0,54.6,5.0
SA,race,black,22.0,103.0,1.0
SA,race,white,22.0,107.0,1.0
SE,race,asian,16.0,77.0,1.0
SE,race,other,30.0,32.0,1.0
SE,race,white,38.529,56.059,17.0
SG,race,asian,27.0,49.966,59.0
SG,race,other,25.625,46.875,8.0
SG,race,white,39.5,52.0,2.0
TR,race,asian,21.571,63.286,7.0
TR,race,other,23.5,46.0,2.0
TR,race,white,25.25,55.375,16.0
US,race,arab,24.455,40.636,11.0
US,race,asian,24.141,51.745,184.0
US,race,black,27.568,49.148,88.0
US,race,indigenous australian,44.0,57.0,1.0
US,race,native american,29.8,68.05,20.0
US,race,other,26.133,53.596,188.0
US,race,white,32.337,50.799,1251.0
ZA,race,asian,20.0,88.0,1.0
ZA,race,black,25.6,39.4,5.0
ZA,race,other,24.667,71.0,3.0
ZA,race,white,30.643,64.643,14.0
AE,gender,female,28.143,53.214,14.0
AR,gender,female,28.857,52.429,7.0
AR,gender,male,23.5,29.5,2.0
AR,gender,other,17.0,60.0,1.0
AU,gender,female,32.133,50.867,98.0
AU,gender,male,36.66,42.532,47.0
BN,gender,female,22.977,68.727,44.0
BN,gender,male,23.0,49.625,8.0
BR,gender,female,27.28,63.48,25.0
BR,gender,male,23.132,56.289,38.0
CA,gender,female,28.737,53.737,156.0
CA,gender,male,32.68,44.427,75.0
CA,gender,other,28.5,78.25,4.0
CZ,gender,female,23.333,58.167,6.0
CZ,gender,male,29.2,56.6,5.0
DE,gender,female,26.128,55.553,47.0
DE,gender,male,27.114,46.8,35.0
DE,gender,other,20.0,66.25,4.0
DK,gender,female,31.667,28.167,6.0
DK,gender,male,37.8,19.2,5.0
EG,gender,female,22.923,67.192,26.0
EG,gender,male,29.0,37.875,8.0
ES,gender,female,24.5,37.333,12.0
ES,gender,male,28.333,69.667,3.0
FI,gender,female,27.308,44.462,13.0
FI,gender,male,30.0,53.75,4.0
FR,gender,female,24.424,65.515,33.0
FR,gender,male,28.321,47.75,28.0
FR,gender,other,19.5,75.0,2.0
GB,gender,female,31.66,51.617,188.0
GB,gender,male,31.557,51.557,61.0
GB,gender,other,22.25,78.25,4.0
GR,gender,female,31.545,47.455,11.0
GR,gender,male,32.7,35.1,10.0
GR,gender,other,17.0,66.0,1.0
HK,gender,female,23.167,42.167,12.0
HK,gender,male,26.5,76.667,6.0
HR,gender,female,29.273,43.091,11.0
HR,gender,male,30.75,53.0,4.0
ID,gender,female,21.931,58.844,173.0
ID,gender,male,23.867,40.2,30.0
ID,gender,other,20.0,97.0,1.0
IE,gender,female,29.214,52.214,14.0
IE,gender,male,33.273,58.273,11.0
IN,gender,female,24.981,59.808,104.0
IN,gender,male,27.975,47.899,79.0
IN,gender,other,20.0,67.0,1.0
IT,gender,female,25.143,64.095,21.0
IT,gender,male,27.867,51.067,15.0
JP,gender,female,23.227,41.136,22.0
JP,gender,male,22.0,45.077,13.0
MX,gender,female,25.235,54.235,17.0
MX,gender,male,20.588,48.882,17.0
MX,gender,other,28.0,55.5,2.0
MY,gender,female,22.605,57.948,329.0
MY,gender,male,23.227,48.667,75.0
NL,gender,female,30.083,58.25,12.0
NL,gender,male,26.562,41.188,16.0
NZ,gender,female,27.333,47.587,63.0
NZ,gender,male,30.222,47.444,9.0
NZ,gender,other,17.0,116.0,1.0
PH,gender,female,21.583,62.708,24.0
PH,gender,male,25.25,79.25,4.0
PK,gender,female,25.08,65.36,25.0
PK,gender,male,29.429,47.429,7.0
PL,gender,female,25.545,61.636,22.0
PL,gender,male,29.947,53.895,19.0
PL,gender,other,19.0,78.5,2.0
PT,gender,female,31.091,49.182,11.0
PT,gender,male,23.2,55.0,5.0
RO,gender,female,27.391,54.609,23.0
RO,gender,male,30.385,31.462,13.0
RO,gender,other,25.0,90.5,2.0
RS,gender,female,27.846,46.615,13.0
RS,gender,male,31.4,25.6,5.0
RU,gender,female,22.538,48.538,13.0
RU,gender,male,21.111,56.111,9.0
SA,gender,female,24.438,53.812,16.0
SA,gender,male,30.5,58.5,6.0
SE,gender,female,36.5,47.25,8.0
SE,gender,male,37.182,62.182,11.0
SG,gender,female,27.196,49.765,51.0
SG,gender,male,27.222,49.389,18.0
TR,gender,female,20.571,60.214,14.0
TR,gender,male,28.6,45.5,10.0
TR,gender,other,28.0,123.0,1.0
US,gender,female,30.097,51.858,1205.0
US,gender,male,31.585,49.061,494.0
US,gender,other,28.955,59.341,44.0
ZA,gender,female,26.5,54.0,16.0
ZA,gender,male,28.167,68.833,6.0
ZA,gender,other,58.0,126.0,1.0
AE,religion,catholic,28.25,37.75,4.0
AE,religion,hindu,20.667,91.667,3.0
AE,religion,muslim,24.75,35.25,4.0
AE,religion,other,34.0,13.0,1.0
AE,religion,other christian,43.0,82.5,2.0
AR,religion,agnostic,26.2,42.2,5.0
AR,religion,catholic,25.667,58.333,3.0
AR,religion,other,39.0,42.0,1.0
AR,religion,other christian,19.0,58.0,1.0
AU,religion,agnostic,30.75,48.536,28.0
AU,religion,atheist,33.0,48.773,44.0
AU,religion,buddhist,35.125,26.875,8.0
AU,religion,catholic,35.643,40.214,14.0
AU,religion,hindu,32.0,50.0,3.0
AU,religion,muslim,27.111,59.111,18.0
AU,religion,other,37.0,54.875,8.0
AU,religion,other christian,35.125,55.125,8.0
AU,religion,protestant,44.143,43.357,14.0
BN,religion,atheist,38.0,8.0,1.0
BN,religion,catholic,16.0,104.0,1.0
BN,religion,muslim,22.816,66.939,49.0
BN,religion,protestant,23.0,29.0,1.0
BR,religion,agnostic,26.364,60.545,22.0
BR,religion,atheist,20.75,58.688,16.0
BR,religion,catholic,30.111,46.889,9.0
BR,religion,other,23.571,73.286,7.0
BR,religion,other christian,26.667,60.667,3.0
BR,religion,protestant,22.167,56.333,6.0
CA,religion,agnostic,28.481,48.481,52.0
CA,religion,atheist,28.557,53.934,61.0
CA,religion,buddhist,35.5,70.5,4.0
CA,religion,catholic,32.433,51.9,30.0
CA,religion,hindu,24.375,59.938,16.0
CA,religion,jewish,38.0,9.5,2.0
CA,religion,muslim,26.667,38.667,9.0
CA,religion,other,32.654,58.5,26.0
CA,religion,other christian,29.0,48.571,14.0
CA,religion,protestant,36.684,38.421,19.0
CA,religion,sikh,26.0,60.5,2.0
CZ,religion,agnostic,23.0,55.5,4.0
CZ,religion,atheist,23.333,70.667,3.0
CZ,religion,other,35.0,43.333,3.0
CZ,religion,protestant,19.0,68.0,1.0
DE,religion,agnostic,26.941,56.765,17.0
DE,religion,atheist,26.55,50.65,20.0
DE,religion,buddhist,29.0,34.25,4.0
DE,religion,catholic,27.214,57.5,14.0
DE,religion,hindu,31.0,61.0,1.0
DE,religion,jewish,38.0,87.0,1.0
DE,religion,muslim,23.875,53.562,16.0
DE,religion,other,22.714,49.429,7.0
DE,religion,other christian,26.667,43.667,3.0
DE,religion,protestant,27.0,37.333,3.0
DK,religion,agnostic,39.5,23.5,4.0
DK,religion,atheist,29.0,17.0,3.0
DK,religion,buddhist,42.0,14.0,1.0
DK,religion,muslim,19.0,48.0,1.0
DK,religion,other,52.0,2.0,1.0
DK,religion,other christian,21.0,56.0,1.0
EG,religion,atheist,27.0,69.5,2.0
EG,religion,muslim,23.6,58.867,30.0
EG,religion,other,22.0,83.0,1.0
EG,religion,other christian,44.0,62.0,1.0
ES,religion,agnostic,19.333,68.333,3.0
ES,religion,atheist,24.8,35.6,5.0
ES,religion,catholic,32.0,70.5,2.0
ES,religion,muslim,22.75,28.25,4.0
ES,religion,protestant,42.0,20.0,1.0
FI,religion,agnostic,31.0,66.0,1.0
FI,religion,atheist,30.625,44.5,8.0
FI,religion,muslim,24.0,23.0,1.0
FI,religion,other,25.333,51.667,3.0
FI,religion,other christian,26.5,40.5,2.0
FI,religion,protestant,23.0,56.0,2.0
FR,religion,agnostic,23.435,64.043,23.0
FR,religion,atheist,28.0,55.0,23.0
FR,religion,catholic,30.625,38.75,8.0
FR,religion,muslim,22.25,72.25,4.0
FR,religion,other,26.0,69.5,2.0
FR,religion,other christian,30.0,92.0,1.0
FR,religion,protestant,19.5,40.5,2.0
GB,religion,agnostic,31.391,47.783,46.0
GB,religion,atheist,31.865,51.966,89.0
GB,religion,buddhist,51.0,28.333,3.0
GB,religion,catholic,30.381,52.762,21.0
GB,religion,hindu,22.0,102.0,1.0
GB,religion,jewish,29.0,58.0,2.0
GB,religion,muslim,25.879,52.242,33.0
GB,religion,other,37.1,56.5,20.0
GB,religion,other christian,28.077,52.231,13.0
GB,religion,protestant,35.048,56.714,21.0
GB,religion,sikh,29.5,51.0,4.0
GR,religion,agnostic,21.0,57.667,3.0
GR,religion,atheist,33.333,45.5,6.0
GR,religion,catholic,50.0,24.0,1.0
GR,religion,other,25.0,54.5,2.0
GR,religion,other christian,32.8,36.0,10.0
HK,religion,agnostic,25.667,79.333,3.0
HK,religion,atheist,21.4,54.8,5.0
HK,religion,buddhist,25.0,40.0,2.0
HK,religion,catholic,30.0,42.0,3.0
HK,religion,muslim,34.0,46.0,1.0
HK,religion,other,19.0,90.0,1.0
HK,religion,protestant,20.0,37.333,3.0
HR,religion,agnostic,29.5,31.0,2.0
HR,religion,atheist,28.4,60.0,5.0
HR,religion,catholic,30.5,40.5,8.0
ID,religion,agnostic,20.375,78.75,8.0
ID,religion,atheist,23.0,59.0,5.0
ID,religion,buddhist,22.0,75.667,3.0
ID,religion,catholic,26.111,50.0,9.0
ID,religion,hindu,19.333,50.833,6.0
ID,religion,muslim,22.136,55.929,154.0
ID,religion,other,21.0,83.0,1.0
ID,religion,protestant,22.5,48.889,18.0
IE,religion,agnostic,25.25,46.25,4.0
IE,religion,atheist,30.273,66.909,11.0
IE,religion,buddhist,54.0,42.0,1.0
IE,religion,catholic,33.5,45.5,6.0
IE,religion,hindu,25.0,19.0,1.0
IE,religion,other,19.0,90.0,1.0
IE,religion,other christian,42.0,27.0,1.0
IN,religion,agnostic,23.4,57.4,5.0
IN,religion,atheist,22.75,55.625,16.0
IN,religion,buddhist,25.5,46.0,2.0
IN,religion,catholic,27.5,50.833,6.0
IN,religion,hindu,26.61,54.488,123.0
IN,religion,muslim,25.316,49.684,19.0
IN,religion,other,20.0,57.0,1.0
IN,religion,other christian,23.0,54.5,2.0
IN,religion,protestant,37.5,36.5,4.0
IN,religion,sikh,26.833,89.833,6.0
IT,religion,agnostic,33.0,69.625,8.0
IT,religion,atheist,23.133,60.667,15.0
IT,religion,catholic,26.0,50.75,8.0
IT,religion,hindu,27.0,8.0,1.0
IT,religion,muslim,26.0,43.5,2.0
IT,religion,other,24.0,72.0,2.0
JP,religion,agnostic,26.0,62.667,3.0
JP,religion,atheist,23.333,53.333,3.0
JP,religion,catholic,28.0,34.0,1.0
JP,religion,muslim,22.296,38.296,27.0
JP,religion,protestant,19.0,75.0,1.0
MX,religion,agnostic,26.875,61.0,8.0
MX,religion,atheist,23.25,60.5,8.0
MX,religion,catholic,21.615,36.231,13.0
MX,religion,other,21.857,60.143,7.0
MY,religion,buddhist,19.0,38.0,1.0
MY,religion,catholic,27.0,63.364,11.0
MY,religion,hindu,24.5,50.0,4.0
MY,religion,muslim,22.585,56.199,381.0
MY,religion,other,27.0,67.5,2.0
MY,religion,other christian,22.667,59.667,3.0
MY,religion,protestant,19.0,27.0,2.0
NL,religion,agnostic,24.8,45.6,5.0
NL,religion,atheist,30.583,53.5,12.0
NL,religion,catholic,20.0,71.5,2.0
NL,religion,hindu,27.0,50.0,1.0
NL,religion,muslim,23.0,91.0,1.0
NL,religion,other,25.5,45.5,2.0
NL,religion,other christian,30.0,22.0,1.0
NL,religion,protestant,31.0,22.75,4.0
NZ,religion,agnostic,28.625,34.625,8.0
NZ,religion,atheist,38.077,38.692,13.0
NZ,religion,catholic,29.333,57.0,3.0
NZ,religion,muslim,23.093,55.791,43.0
NZ,religion,other,35.0,44.25,4.0
NZ,religion,other christian,19.0,8.0,1.0
NZ,religion,protestant,47.0,6.0,1.0
PH,religion,agnostic,27.0,82.0,2.0
PH,religion,atheist,25.0,84.0,1.0
PH,religion,catholic,20.947,62.789,19.0
PH,religion,muslim,18.0,77.0,1.0
PH,religion,other,21.0,102.0,1.0
PH,religion,other christian,28.333,33.667,3.0
PH,religion,protestant,18.0,101.0,1.0
PK,religion,muslim,26.031,61.438,32.0
PL,religion,agnostic,24.0,38.5,6.0
PL,religion,atheist,25.158,69.053,19.0
PL,religion,catholic,33.692,51.769,13.0
PL,religion,hindu,25.0,5.0,1.0
PL,religion,jewish,17.0,79.0,1.0
PL,religion,other,22.333,79.0,3.0
PT,religion,agnostic,26.5,39.5,6.0
PT,religion,atheist,34.6,61.2,5.0
PT,religion,catholic,25.0,58.0,3.0
PT,religion,other christian,25.5,49.5,2.0
RO,religion,agnostic,20.5,62.333,6.0
RO,religion,atheist,29.778,44.444,9.0
RO,religion,catholic,20.0,42.0,1.0
RO,religion,muslim,27.5,46.5,2.0
RO,religion,other,28.2,58.4,5.0
RO,religion,other christian,31.571,39.786,14.0
RO,religion,protestant,26.0,88.0,1.0
RS,religion,agnostic,22.75,56.25,4.0
RS,religion,atheist,34.25,32.5,4.0
RS,religion,other,23.5,41.5,2.0
RS,religion,other christian,30.5,37.0,8.0
RU,religion,agnostic,22.333,47.0,3.0
RU,religion,atheist,19.875,47.125,8.0
RU,religion,catholic,17.0,41.0,1.0
RU,religion,muslim,23.4,55.8,5.0
RU,religion,other,23.5,38.5,2.0
RU,religion,other christian,25.333,73.667,3.0
SA,religion,atheist,17.0,53.0,1.0
SA,religion,catholic,27.5,18.0,2.0
SA,religion,muslim,26.421,59.105,19.0
SE,religion,agnostic,30.0,44.5,2.0
SE,religion,atheist,31.6,58.8,10.0
SE,religion,buddhist,16.0,77.0,1.0
SE,religion,other,38.0,20.0,1.0
SE,religion,other christian,57.0,100.0,1.0
SE,religion,protestant,53.5,47.0,4.0
SG,religion,agnostic,28.75,40.5,4.0
SG,religion,atheist,23.333,56.0,3.0
SG,religion,buddhist,24.286,38.571,7.0
SG,religion,catholic,23.714,46.571,7.0
SG,religion,hindu,31.667,76.0,3.0
SG,religion,mormon,28.0,18.0,1.0
SG,religion,muslim,27.645,51.71,31.0
SG,religion,other,24.6,50.8,5.0
SG,religion,other christian,26.0,72.5,2.0
SG,religion,protestant,33.5,42.167,6.0
TR,religion,agnostic,23.0,63.0,7.0
TR,religion,atheist,23.667,77.667,3.0
TR,religion,muslim,23.091,44.455,11.0
TR,religion,other,29.0,64.5,4.0
US,religion,agnostic,29.496,52.971,379.0
US,religion,atheist,27.776,50.624,295.0
US,religion,buddhist,33.107,50.036,28.0
US,religion,catholic,30.183,50.443,235.0
US,religion,hindu,23.923,64.0,13.0
US,religion,jewish,32.955,51.045,22.0
US,religion,mormon,29.0,48.944,18.0
US,religion,muslim,26.629,45.355,62.0
US,religion,other,31.141,55.797,177.0
US,religion,other christian,31.137,53.212,292.0
US,religion,protestant,35.982,44.836,219.0
US,religion,sikh,19.333,63.333,3.0
ZA,religion,agnostic,39.5,61.0,2.0
ZA,religion,catholic,45.333,81.333,3.0
ZA,religion,muslim,19.5,79.0,2.0
ZA,religion,other,33.0,124.0,1.0
ZA,religion,other christian,22.909,57.455,11.0
ZA,religion,protestant,28.0,30.75,4.0
AE,orientation,asexual,44.0,90.0,1.0
AE,orientation,heterosexual,27.909,41.455,11.0
AE,orientation,other,21.5,99.5,2.0
AR,orientation,asexual,17.0,60.0,1.0
AR,orientation,bisexual,20.0,54.0,2.0
AR,orientation,heterosexual,27.0,43.25,4.0
AR,orientation,homosexual,39.0,42.0,1.0
AR,orientation,other,31.0,51.5,2.0
AU,orientation,asexual,34.0,55.8,5.0
AU,orientation,bisexual,25.526,58.579,19.0
AU,orientation,heterosexual,35.195,44.442,113.0
AU,orientation,homosexual,31.0,59.833,6.0
AU,orientation,other,27.0,105.5,2.0
BN,orientation,asexual,20.0,108.0,2.0
BN,orientation,bisexual,22.333,49.667,3.0
BN,orientation,heterosexual,23.318,64.182,44.0
BN,orientation,homosexual,21.0,56.0,1.0
BN,orientation,other,20.5,88.0,2.0
BR,orientation,bisexual,27.222,65.556,9.0
BR,orientation,heterosexual,24.262,57.357,42.0
BR,orientation,homosexual,23.5,63.625,8.0
BR,orientation,other,27.25,54.5,4.0
CA,orientation,asexual,33.0,69.143,7.0
CA,orientation,bisexual,27.265,68.088,34.0
CA,orientation,heterosexual,30.629,46.737,175.0
CA,orientation,homosexual,28.923,54.231,13.0
CA,orientation,other,25.667,57.5,6.0
CZ,orientation,asexual,23.0,19.0,1.0
CZ,orientation,bisexual,25.0,54.0,1.0
CZ,orientation,heterosexual,22.143,58.286,7.0
CZ,orientation,other,41.5,75.5,2.0
DE,orientation,asexual,25.0,88.75,4.0
DE,orientation,bisexual,24.789,61.474,19.0
DE,orientation,heterosexual,26.784,45.922,51.0
DE,orientation,homosexual,28.25,53.5,8.0
DE,orientation,other,23.5,55.25,4.0
DK,orientation,asexual,19.0,48.0,1.0
DK,orientation,bisexual,42.0,14.0,1.0
DK,orientation,heterosexual,35.625,23.875,8.0
DK,orientation,homosexual,33.0,12.0,1.0
EG,orientation,asexual,20.5,76.0,2.0
EG,orientation,heterosexual,24.633,59.533,30.0
EG,orientation,other,24.0,56.0,2.0
ES,orientation,bisexual,25.5,54.0,2.0
ES,orientation,heterosexual,25.5,40.417,12.0
ES,orientation,homosexual,22.0,64.0,1.0
FI,orientation,asexual,31.0,66.0,1.0
FI,orientation,bisexual,29.0,32.0,2.0
FI,orientation,heterosexual,27.923,45.923,13.0
FI,orientation,homosexual,23.0,66.0,1.0
FR,orientation,asexual,27.0,57.0,4.0
FR,orientation,bisexual,22.143,65.643,14.0
FR,orientation,heterosexual,27.923,52.821,39.0
FR,orientation,homosexual,21.5,57.75,4.0
FR,orientation,other,22.5,105.5,2.0
GB,orientation,asexual,24.333,53.5,6.0
GB,orientation,bisexual,25.784,55.243,37.0
GB,orientation,heterosexual,33.177,50.478,186.0
GB,orientation,homosexual,30.154,56.308,13.0
GB,orientation,other,27.545,61.455,11.0
GR,orientation,asexual,24.0,53.0,1.0
GR,orientation,bisexual,28.5,53.75,4.0
GR,orientation,heterosexual,32.529,39.471,17.0
HK,orientation,asexual,20.0,45.0,1.0
HK,orientation,bisexual,24.667,69.667,3.0
HK,orientation,heterosexual,23.833,41.583,12.0
HK,orientation,homosexual,28.5,106.5,2.0
HR,orientation,bisexual,28.5,68.75,4.0
HR,orientation,heterosexual,30.091,37.364,11.0
ID,orientation,asexual,20.0,63.8,5.0
ID,orientation,bisexual,21.409,62.909,22.0
ID,orientation,heterosexual,22.503,54.215,163.0
ID,orientation,homosexual,21.429,61.429,7.0
ID,orientation,other,20.143,73.286,7.0
IE,orientation,asexual,27.333,50.667,3.0
IE,orientation,bisexual,27.0,46.5,4.0
IE,orientation,heterosexual,32.5,57.444,18.0
IN,orientation,asexual,28.167,75.833,6.0
IN,orientation,bisexual,29.222,50.722,18.0
IN,orientation,heterosexual,25.799,54.027,149.0
IN,orientation,homosexual,22.0,49.6,5.0
IN,orientation,other,29.833,67.5,6.0
IT,orientation,bisexual,24.875,65.25,8.0
IT,orientation,heterosexual,26.609,54.348,23.0
IT,orientation,homosexual,28.5,79.75,4.0
IT,orientation,other,21.0,21.0,1.0
JP,orientation,asexual,25.0,51.75,4.0
JP,orientation,bisexual,27.0,51.0,1.0
JP,orientation,heterosexual,22.185,42.111,27.0
JP,orientation,homosexual,23.5,35.5,2.0
JP,orientation,other,24.0,25.0,1.0
MX,orientation,bisexual,23.1,60.6,10.0
MX,orientation,heterosexual,22.739,47.391,23.0
MX,orientation,homosexual,30.0,60.0,2.0
MX,orientation,other,21.0,48.0,1.0
MY,orientation,asexual,21.182,63.273,22.0
MY,orientation,bisexual,23.0,69.936,47.0
MY,orientation,heterosexual,22.448,53.259,270.0
MY,orientation,homosexual,27.909,55.364,11.0
MY,orientation,other,23.407,56.426,54.0
NL,orientation,asexual,20.0,107.0,1.0
NL,orientation,bisexual,20.333,48.0,3.0
NL,orientation,heterosexual,29.091,44.364,22.0
NL,orientation,homosexual,44.0,60.0,1.0
NL,orientation,other,21.0,71.0,1.0
NZ,orientation,asexual,20.0,80.0,2.0
NZ,orientation,bisexual,26.273,43.091,11.0
NZ,orientation,heterosexual,28.615,46.5,52.0
NZ,orientation,homosexual,23.0,66.333,6.0
NZ,orientation,other,28.0,45.5,2.0
PH,orientation,asexual,26.0,78.333,3.0
PH,orientation,bisexual,23.333,85.0,3.0
PH,orientation,heterosexual,21.6,56.45,20.0
PH,orientation,homosexual,21.0,102.0,1.0
PH,orientation,other,18.0,101.0,1.0
PK,orientation,asexual,22.0,90.0,1.0
PK,orientation,bisexual,29.0,49.0,4.0
PK,orientation,heterosexual,25.167,63.917,24.0
PK,orientation,homosexual,20.0,27.0,1.0
PK,orientation,other,35.5,59.5,2.0
PL,orientation,bisexual,22.7,59.8,10.0
PL,orientation,heterosexual,29.133,58.167,30.0
PL,orientation,homosexual,22.0,69.5,2.0
PL,orientation,other,24.0,55.0,1.0
PT,orientation,bisexual,24.0,74.0,1.0
PT,orientation,heterosexual,28.933,49.467,15.0
RO,orientation,asexual,19.0,50.0,1.0
RO,orientation,bisexual,25.0,90.5,2.0
RO,orientation,heterosexual,28.485,46.636,33.0
RO,orientation,homosexual,33.0,38.0,2.0
RS,orientation,bisexual,26.0,59.5,2.0
RS,orientation,heterosexual,29.333,37.867,15.0
RS,orientation,homosexual,27.0,47.0,1.0
RU,orientation,bisexual,22.25,59.25,4.0
RU,orientation,heterosexual,21.941,48.706,17.0
RU,orientation,homosexual,21.0,71.0,1.0
SA,orientation,asexual,20.0,98.5,2.0
SA,orientation,bisexual,24.333,82.0,3.0
SA,orientation,heterosexual,27.438,41.375,16.0
SA,orientation,other,22.0,107.0,1.0
SE,orientation,bisexual,37.5,41.0,2.0
SE,orientation,heterosexual,38.533,54.933,15.0
SE,orientation,homosexual,24.0,78.0,2.0
SG,orientation,asexual,29.0,25.0,1.0
SG,orientation,bisexual,24.778,50.0,9.0
SG,orientation,heterosexual,28.812,46.521,48.0
SG,orientation,homosexual,21.5,55.75,4.0
SG,orientation,other,22.286,70.857,7.0
TR,orientation,asexual,21.0,30.0,1.0
TR,orientation,bisexual,20.667,66.333,3.0
TR,orientation,heterosexual,25.222,51.056,18.0
TR,orientation,other,21.667,91.0,3.0
US,orientation,asexual,28.018,58.618,55.0
US,orientation,bisexual,25.004,60.194,273.0
US,orientation,heterosexual,31.997,48.021,1269.0
US,orientation,homosexual,29.056,58.528,89.0
US,orientation,other,27.842,61.947,57.0
ZA,orientation,asexual,58.0,126.0,1.0
ZA,orientation,heterosexual,27.143,57.095,21.0
ZA,orientation,homosexual,23.0,78.0,1.0
AE,married,currently,33.0,52.25,4.0
AE,married,never,24.222,49.556,9.0
AE,married,previously,44.0,90.0,1.0
AR,married,currently,30.0,45.0,1.0
AR,married,never,26.222,49.0,9.0
AU,married,currently,44.944,34.917,36.0
AU,married,never,26.667,52.613,93.0
AU,married,previously,48.375,52.125,16.0
BN,married,currently,32.5,76.5,4.0
BN,married,never,22.043,64.191,47.0
BN,married,previously,29.0,98.0,1.0
BR,married,currently,38.0,48.0,7.0
BR,married,never,22.909,59.927,55.0
BR,married,previously,35.0,94.0,1.0
CA,married,currently,41.72,45.3,50.0
CA,married,never,24.545,53.455,167.0
CA,married,previously,47.944,46.444,18.0
CZ,married,never,26.0,57.455,11.0
DE,married,currently,36.6,38.867,15.0
DE,married,never,23.886,55.629,70.0
DE,married,previously,36.0,37.0,1.0
DK,married,currently,47.0,18.333,3.0
DK,married,never,26.571,29.714,7.0
DK,married,previously,52.0,2.0,1.0
EG,married,currently,55.5,46.0,2.0
EG,married,never,22.406,61.188,32.0
ES,married,currently,45.0,34.5,2.0
ES,married,never,22.583,40.917,12.0
ES,married,previously,18.0,97.0,1.0
FI,married,currently,39.0,32.0,2.0
FI,married,never,26.467,48.6,15.0
FR,married,currently,47.857,35.286,7.0
FR,married,never,23.185,60.315,54.0
FR,married,previously,25.5,72.5,2.0
GB,married,currently,40.311,50.044,45.0
GB,married,never,26.519,51.869,183.0
GB,married,previously,51.96,56.72,25.0
GR,married,currently,48.75,24.0,4.0
GR,married,never,25.812,45.375,16.0
GR,married,previously,41.5,58.5,2.0
HK,married,currently,36.0,57.0,1.0
HK,married,never,22.938,53.938,16.0
HK,married,previously,34.0,46.0,1.0
HR,married,currently,40.5,14.0,2.0
HR,married,never,28.0,50.615,13.0
ID,married,currently,29.643,51.286,14.0
ID,married,never,21.622,56.426,188.0
ID,married,previously,25.0,78.5,2.0
IE,married,currently,46.333,53.667,3.0
IE,married,never,28.909,55.045,22.0
IN,married,currently,37.812,43.906,32.0
IN,married,never,23.159,57.234,145.0
IN,married,previously,37.143,52.429,7.0
IT,married,currently,35.75,42.5,4.0
IT,married,never,25.094,60.688,32.0
JP,married,currently,27.5,34.5,4.0
JP,married,never,22.161,43.645,31.0
MX,married,never,22.794,53.118,34.0
MX,married,previously,30.0,29.0,2.0
MY,married,currently,31.326,46.767,43.0
MY,married,never,21.709,57.16,357.0
MY,married,previously,20.5,74.5,4.0
NL,married,currently,42.75,54.0,4.0
NL,married,never,24.957,49.087,23.0
NL,married,previously,41.0,13.0,1.0
NZ,married,currently,37.25,38.938,16.0
NZ,married,never,23.519,53.093,54.0
NZ,married,previously,48.333,17.0,3.0
PH,married,currently,37.5,54.5,2.0
PH,married,never,20.923,65.885,26.0
PK,married,currently,36.2,41.2,5.0
PK,married,never,22.348,66.739,23.0
PK,married,previously,34.5,56.25,4.0
PL,married,currently,39.167,47.0,6.0
PL,married,never,25.111,61.222,36.0
PL,married,previously,30.0,51.0,1.0
PT,married,currently,42.25,52.25,4.0
PT,married,never,22.182,48.545,11.0
PT,married,previously,45.0,73.0,1.0
RO,married,currently,48.25,24.25,4.0
RO,married,never,25.788,51.939,33.0
RO,married,previously,31.0,35.0,1.0
RS,married,currently,51.0,26.0,2.0
RS,married,never,26.062,42.625,16.0
RU,married,currently,26.0,45.0,2.0
RU,married,never,20.895,51.316,19.0
RU,married,previously,34.0,71.0,1.0
SA,married,currently,40.667,37.333,3.0
SA,married,never,23.889,58.722,18.0
SA,married,previously,22.0,43.0,1.0
SE,married,currently,50.5,55.5,2.0
SE,married,never,27.917,55.25,12.0
SE,married,previously,53.0,57.6,5.0
SG,married,currently,36.688,35.562,16.0
SG,married,never,23.673,56.143,49.0
SG,married,previously,32.5,26.75,4.0
TR,married,currently,54.0,20.0,1.0
TR,married,never,21.739,59.043,23.0
TR,married,previously,48.0,43.0,1.0
US,married,currently,40.844,42.446,424.0
US,married,never,24.22,55.147,1151.0
US,married,previously,47.315,46.815,168.0
ZA,married,currently,42.167,53.833,6.0
ZA,married,never,23.412,63.529,17.0
AE,major,business,24.333,71.0,3.0
AE,major,computer science,26.5,48.0,2.0
AE,major,economics,34.0,13.0,1.0
AE,major,medicine,33.0,5.0,1.0
AE,major,nursing,32.0,57.0,1.0
AE,major,psychology,25.0,54.2,5.0
AE,major,science,44.0,90.0,1.0
AR,major,art,29.0,18.0,1.0
AR,major,communication,38.0,74.0,1.0
AR,major,computer science,30.0,45.0,1.0
AR,major,engineering,18.0,36.0,2.0
AR,major,english,21.0,50.0,1.0
AR,major,medicine,17.0,60.0,1.0
AR,major,music,36.0,63.5,2.0
AR,major,sociology,23.0,40.0,1.0
AU,major,accounting,35.75,44.75,4.0
AU,major,art,33.6,39.8,5.0
AU,major,biology,40.5,15.5,2.0
AU,major,business,31.625,35.625,8.0
AU,major,communication,29.0,41.5,4.0
AU,major,computer science,29.0,30.333,3.0
AU,major,economics,39.333,65.333,3.0
AU,major,education,34.455,66.727,11.0
AU,major,engineering,34.667,47.333,12.0
AU,major,english,35.143,47.571,7.0
AU,major,history,21.5,96.0,2.0
AU,major,law,26.143,50.571,7.0
AU,major,mathematics,19.0,84.5,2.0
AU,major,medicine,30.625,55.25,8.0
AU,major,music,33.5,38.75,4.0
AU,major,nursing,34.0,45.429,7.0
AU,major,political science,26.0,86.0,1.0
AU,major,psychology,32.114,47.914,35.0
AU,major,science,38.733,47.6,15.0
AU,major,sociology,50.6,19.0,5.0
BN,major,accounting,30.0,20.5,2.0
BN,major,art,20.0,103.0,1.0
BN,major,biology,21.167,48.667,6.0
BN,major,business,25.4,73.2,5.0
BN,major,chemistry,29.0,98.0,1.0
BN,major,computer science,24.8,72.2,5.0
BN,major,economics,20.0,83.0,1.0
BN,major,education,36.0,95.0,1.0
BN,major,engineering,22.8,45.6,5.0
BN,major,english,19.5,79.0,2.0
BN,major,history,20.0,38.0,1.0
BN,major,information technology,27.0,98.5,2.0
BN,major,law,21.0,60.0,1.0
BN,major,mathematics,25.0,67.5,2.0
BN,major,medicine,16.667,74.0,3.0
BN,major,nursing,22.2,64.8,5.0
BN,major,psychology,19.714,75.286,7.0
BN,major,science,27.5,46.5,2.0
BR,major,architecutre,27.5,34.0,2.0
BR,major,art,31.0,46.0,1.0
BR,major,biology,31.333,75.833,6.0
BR,major,business,32.5,83.5,2.0
BR,major,chemistry,43.0,108.0,1.0
BR,major,computer science,20.5,68.25,4.0
BR,major,engineering,21.75,72.25,8.0
BR,major,english,26.667,94.0,3.0
BR,major,history,23.5,55.0,2.0
BR,major,information technology,29.2,49.4,5.0
BR,major,law,24.857,39.857,7.0
BR,major,management,26.0,42.0,1.0
BR,major,mathematics,30.5,41.0,2.0
BR,major,medicine,19.75,54.125,8.0
BR,major,music,24.5,16.0,2.0
BR,major,physics,20.0,100.0,1.0
BR,major,psychology,19.571,47.429,7.0
BR,major,sociology,25.0,92.0,1.0
CA,major,accounting,28.0,49.857,7.0
CA,major,architecutre,27.333,62.333,3.0
CA,major,art,34.625,41.625,8.0
CA,major,biology,23.643,67.786,14.0
CA,major,business,25.692,40.462,13.0
CA,major,chemistry,36.75,38.25,4.0
CA,major,communication,19.5,76.0,2.0
CA,major,computer science,32.562,42.75,16.0
CA,major,economics,31.25,43.25,4.0
CA,major,education,31.5,39.0,2.0
CA,major,engineering,35.25,52.65,20.0
CA,major,english,27.5,56.545,22.0
CA,major,history,36.143,52.143,7.0
CA,major,information technology,71.0,18.0,1.0
CA,major,law,31.0,59.222,9.0
CA,major,management,32.0,76.0,1.0
CA,major,mathematics,27.75,77.5,4.0
CA,major,medicine,40.143,52.429,7.0
CA,major,music,34.333,56.0,3.0
CA,major,nursing,32.889,55.778,9.0
CA,major,physics,28.333,55.333,3.0
CA,major,political science,28.222,38.0,9.0
CA,major,psychology,27.481,50.833,54.0
CA,major,science,24.0,34.4,5.0
CA,major,sociology,31.75,47.875,8.0
CZ,major,computer science,21.0,31.0,1.0
CZ,major,engineering,23.667,48.667,3.0
CZ,major,information technology,22.2,60.8,5.0
CZ,major,law,25.0,81.0,1.0
CZ,major,mathematics,58.0,70.0,1.0
DE,major,accounting,26.0,35.0,1.0
DE,major,architecutre,28.667,61.667,3.0
DE,major,art,28.0,63.0,5.0
DE,major,biology,36.0,37.0,1.0
DE,major,business,33.5,42.0,2.0
DE,major,chemistry,29.5,80.25,4.0
DE,major,computer science,22.111,59.667,9.0
DE,major,economics,32.5,45.0,2.0
DE,major,education,37.0,61.0,1.0
DE,major,engineering,23.643,55.857,14.0
DE,major,english,24.2,72.8,5.0
DE,major,history,32.0,72.0,1.0
DE,major,law,26.333,38.667,6.0
DE,major,management,36.0,32.0,1.0
DE,major,mathematics,25.0,49.0,1.0
DE,major,medicine,29.4,31.2,5.0
DE,major,music,25.8,44.6,5.0
DE,major,physics,25.667,51.0,3.0
DE,major,political science,28.0,36.0,2.0
DE,major,psychology,24.083,52.917,12.0
DE,major,science,25.0,32.0,1.0
DE,major,sociology,28.5,23.5,2.0
DK,major,biology,39.0,13.0,1.0
DK,major,engineering,23.5,48.5,2.0
DK,major,english,19.0,48.0,1.0
DK,major,history,48.0,5.0,1.0
DK,major,medicine,27.0,22.5,2.0
DK,major,music,51.0,36.0,1.0
DK,major,psychology,40.333,7.0,3.0
EG,major,business,21.667,62.0,3.0
EG,major,economics,35.5,50.5,2.0
EG,major,engineering,19.0,41.0,1.0
EG,major,english,20.167,97.833,6.0
EG,major,medicine,25.3,50.7,20.0
EG,major,psychology,24.0,41.0,1.0
EG,major,sociology,22.0,80.0,1.0
ES,major,architecutre,22.0,36.0,1.0
ES,major,biology,26.0,25.0,1.0
ES,major,computer science,19.8,61.2,5.0
ES,major,economics,48.0,49.0,1.0
ES,major,engineering,23.667,34.667,3.0
ES,major,law,42.0,20.0,1.0
ES,major,music,16.0,92.0,1.0
ES,major,physics,35.0,16.0,1.0
ES,major,sociology,20.0,9.0,1.0
FI,major,architecutre,24.0,23.0,1.0
FI,major,biology,25.0,53.6,5.0
FI,major,business,40.0,44.0,1.0
FI,major,chemistry,29.0,53.0,1.0
FI,major,communication,27.0,14.0,1.0
FI,major,economics,35.0,69.0,1.0
FI,major,education,30.0,39.0,2.0
FI,major,engineering,30.0,19.0,1.0
FI,major,english,29.0,27.0,1.0
FI,major,medicine,27.0,66.0,2.0
FI,major,psychology,22.0,66.0,1.0
FR,major,accounting,20.0,51.0,1.0
FR,major,architecutre,30.0,84.0,1.0
FR,major,art,26.2,60.2,5.0
FR,major,biology,26.4,47.0,5.0
FR,major,chemistry,25.0,43.0,1.0
FR,major,computer science,30.667,39.667,6.0
FR,major,economics,21.0,53.0,2.0
FR,major,engineering,22.0,87.5,4.0
FR,major,english,18.5,79.25,4.0
FR,major,history,33.25,49.25,4.0
FR,major,information technology,37.5,58.5,2.0
FR,major,law,24.0,30.0,5.0
FR,major,mathematics,22.75,63.5,4.0
FR,major,medicine,34.0,61.0,3.0
FR,major,music,20.0,82.0,1.0
FR,major,physics,29.8,47.0,5.0
FR,major,psychology,20.286,70.0,7.0
FR,major,sociology,26.667,72.0,3.0
GB,major,accounting,20.75,56.0,4.0
GB,major,architecutre,21.667,72.333,3.0
GB,major,art,40.143,54.286,7.0
GB,major,biology,23.273,42.182,11.0
GB,major,business,33.625,59.75,8.0
GB,major,chemistry,30.667,60.5,6.0
GB,major,computer science,23.429,26.429,7.0
GB,major,economics,39.75,65.625,8.0
GB,major,education,44.545,36.818,11.0
GB,major,engineering,29.308,62.154,13.0
GB,major,english,34.607,49.143,28.0
GB,major,history,41.0,59.462,13.0
GB,major,information technology,31.333,86.667,3.0
GB,major,law,26.333,39.333,9.0
GB,major,management,30.0,114.0,1.0
GB,major,mathematics,23.6,43.9,10.0
GB,major,medicine,37.5,35.0,10.0
GB,major,music,31.091,56.364,11.0
GB,major,nursing,39.214,48.286,14.0
GB,major,physics,22.167,72.0,6.0
GB,major,psychology,26.786,51.75,56.0
GB,major,science,36.5,77.5,2.0
GB,major,sociology,33.667,55.5,12.0
GR,major,art,32.0,8.0,1.0
GR,major,biology,40.0,40.0,1.0
GR,major,business,23.0,30.0,1.0
GR,major,chemistry,22.333,50.667,3.0
GR,major,economics,24.0,44.0,2.0
GR,major,engineering,37.5,24.5,4.0
GR,major,law,46.0,18.0,1.0
GR,major,mathematics,24.0,53.0,1.0
GR,major,medicine,35.0,54.5,2.0
GR,major,nursing,27.0,86.0,1.0
GR,major,political science,50.0,24.0,1.0
GR,major,psychology,30.333,54.333,3.0
GR,major,sociology,23.0,70.0,1.0
HK,major,accounting,24.333,55.0,3.0
HK,major,biology,25.0,12.0,1.0
HK,major,business,21.0,40.0,2.0
HK,major,communication,20.0,45.0,1.0
HK,major,computer science,20.0,60.0,1.0
HK,major,engineering,23.0,65.0,2.0
HK,major,english,29.5,40.5,2.0
HK,major,information technology,18.0,86.0,1.0
HK,major,mathematics,34.0,117.0,1.0
HK,major,medicine,21.0,28.0,1.0
HK,major,psychology,26.333,54.0,3.0
HR,major,chemistry,32.0,75.333,3.0
HR,major,computer science,42.0,39.0,1.0
HR,major,engineering,31.0,47.0,1.0
HR,major,law,21.333,53.667,3.0
HR,major,medicine,40.0,3.0,1.0
HR,major,physics,30.0,56.0,1.0
HR,major,psychology,28.4,30.8,5.0
ID,major,accounting,22.714,52.286,7.0
ID,major,architecutre,24.4,64.8,5.0
ID,major,art,20.667,53.0,3.0
ID,major,biology,22.286,49.714,7.0
ID,major,business,21.75,63.375,8.0
ID,major,communication,21.25,62.75,8.0
ID,major,computer science,21.5,47.625,8.0
ID,major,economics,22.0,39.0,7.0
ID,major,education,24.333,79.333,3.0
ID,major,engineering,24.211,53.316,19.0
ID,major,english,21.977,57.698,43.0
ID,major,history,18.0,83.0,1.0
ID,major,information technology,22.5,77.0,2.0
ID,major,law,21.278,57.389,18.0
ID,major,management,21.667,47.0,9.0
ID,major,mathematics,20.0,78.0,1.0
ID,major,medicine,23.947,44.211,19.0
ID,major,nursing,20.5,68.5,2.0
ID,major,physics,25.0,89.0,1.0
ID,major,political science,24.5,25.5,2.0
ID,major,psychology,20.759,64.828,29.0
ID,major,science,25.0,61.5,2.0
IE,major,chemistry,31.0,19.0,1.0
IE,major,computer science,23.333,42.333,3.0
IE,major,economics,20.0,31.0,1.0
IE,major,engineering,32.0,44.5,2.0
IE,major,english,20.0,76.0,1.0
IE,major,history,27.667,88.0,3.0
IE,major,law,40.5,65.5,4.0
IE,major,management,42.0,27.0,1.0
IE,major,mathematics,21.0,74.0,1.0
IE,major,medicine,23.0,82.0,1.0
IE,major,nursing,47.0,62.0,1.0
IE,major,physics,42.0,50.5,2.0
IE,major,psychology,27.0,39.5,4.0
IN,major,accounting,27.333,44.0,3.0
IN,major,architecutre,29.5,73.0,2.0
IN,major,biology,22.5,29.5,2.0
IN,major,business,27.5,61.375,8.0
IN,major,chemistry,24.333,72.333,3.0
IN,major,computer science,26.053,48.737,19.0
IN,major,economics,29.857,52.143,7.0
IN,major,education,35.5,45.0,2.0
IN,major,engineering,25.592,54.408,49.0
IN,major,english,24.81,58.0,21.0
IN,major,law,21.875,59.625,8.0
IN,major,management,41.5,49.75,4.0
IN,major,mathematics,28.333,32.667,3.0
IN,major,medicine,25.538,47.077,13.0
IN,major,physics,26.833,52.833,6.0
IN,major,political science,30.0,78.4,5.0
IN,major,psychology,24.48,59.28,25.0
IN,major,science,29.5,46.0,4.0
IT,major,art,32.333,83.667,3.0
IT,major,biology,21.5,67.0,2.0
IT,major,communication,23.0,65.0,1.0
IT,major,computer science,25.0,53.0,1.0
IT,major,engineering,24.5,49.0,2.0
IT,major,english,23.0,50.0,1.0
IT,major,history,32.0,77.0,1.0
IT,major,information technology,22.0,58.0,3.0
IT,major,law,30.333,50.667,3.0
IT,major,mathematics,29.5,26.5,2.0
IT,major,medicine,26.0,35.5,2.0
IT,major,nursing,19.0,121.0,1.0
IT,major,physics,28.667,33.667,3.0
IT,major,psychology,23.4,65.4,10.0
IT,major,sociology,47.0,58.0,1.0
JP,major,accounting,28.0,34.0,1.0
JP,major,biology,27.0,51.0,1.0
JP,major,chemistry,18.0,55.0,1.0
JP,major,computer science,22.0,57.333,3.0
JP,major,economics,22.0,48.0,1.0
JP,major,education,21.0,61.0,1.0
JP,major,engineering,22.083,36.625,24.0
JP,major,physics,30.0,66.5,2.0
JP,major,sociology,25.0,58.0,1.0
MX,major,accounting,23.0,14.0,1.0
MX,major,art,27.0,74.333,3.0
MX,major,business,21.0,51.0,1.0
MX,major,communication,22.0,63.0,2.0
MX,major,computer science,22.0,44.0,2.0
MX,major,education,36.0,54.0,1.0
MX,major,engineering,21.5,34.5,6.0
MX,major,english,27.0,64.5,2.0
MX,major,history,34.5,40.0,2.0
MX,major,law,19.0,20.0,1.0
MX,major,management,21.0,66.0,1.0
MX,major,medicine,20.667,33.667,3.0
MX,major,music,25.0,74.0,1.0
MX,major,physics,20.0,63.5,2.0
MX,major,political science,22.0,86.0,1.0
MX,major,psychology,20.714,59.714,7.0
MY,major,accounting,21.8,60.543,35.0
MY,major,architecutre,23.125,62.0,8.0
MY,major,art,24.0,49.5,4.0
MY,major,biology,21.0,48.75,8.0
MY,major,business,21.7,59.2,40.0
MY,major,chemistry,21.0,44.429,7.0
MY,major,communication,23.9,45.6,10.0
MY,major,computer science,23.214,57.107,28.0
MY,major,economics,29.25,59.25,4.0
MY,major,education,25.529,52.706,17.0
MY,major,engineering,23.139,55.819,72.0
MY,major,english,20.909,61.273,33.0
MY,major,history,23.667,54.0,3.0
MY,major,information technology,29.143,60.429,7.0
MY,major,law,22.722,66.056,18.0
MY,major,management,23.0,53.556,9.0
MY,major,mathematics,23.0,51.667,3.0
MY,major,medicine,22.387,55.129,31.0
MY,major,music,26.5,62.5,2.0
MY,major,nursing,23.6,48.4,10.0
MY,major,physics,24.0,63.333,3.0
MY,major,psychology,22.312,51.969,32.0
MY,major,science,20.429,46.429,14.0
MY,major,sociology,23.5,62.0,6.0
NL,major,accounting,27.0,50.0,1.0
NL,major,art,25.0,33.0,1.0
NL,major,biology,16.0,23.0,1.0
NL,major,chemistry,31.0,72.5,2.0
NL,major,computer science,20.0,107.0,1.0
NL,major,engineering,21.0,61.0,3.0
NL,major,english,24.5,52.5,2.0
NL,major,history,37.0,30.0,1.0
NL,major,law,21.0,71.0,3.0
NL,major,management,25.0,38.0,1.0
NL,major,mathematics,33.0,47.0,1.0
NL,major,medicine,55.0,76.0,1.0
NL,major,music,28.0,45.0,1.0
NL,major,physics,26.0,11.5,2.0
NL,major,psychology,30.2,38.8,5.0
NL,major,science,41.0,13.0,1.0
NL,major,sociology,39.0,33.0,1.0
NZ,major,accounting,20.25,47.0,8.0
NZ,major,architecutre,20.0,51.0,1.0
NZ,major,art,37.5,50.0,2.0
NZ,major,biology,43.0,34.0,3.0
NZ,major,business,21.375,54.625,8.0
NZ,major,chemistry,25.0,38.0,1.0
NZ,major,communication,27.0,48.5,2.0
NZ,major,computer science,20.667,53.0,3.0
NZ,major,education,27.0,12.0,1.0
NZ,major,engineering,26.167,52.0,6.0
NZ,major,english,24.8,54.4,5.0
NZ,major,history,23.5,68.5,2.0
NZ,major,information technology,50.0,3.0,1.0
NZ,major,law,19.5,62.0,4.0
NZ,major,management,35.0,36.333,3.0
NZ,major,medicine,44.5,29.0,2.0
NZ,major,music,17.5,80.0,2.0
NZ,major,physics,62.0,30.0,1.0
NZ,major,psychology,31.455,39.0,11.0
NZ,major,science,27.571,58.714,7.0
PH,major,accounting,30.0,92.0,1.0
PH,major,architecutre,18.0,99.5,2.0
PH,major,biology,23.0,66.5,2.0
PH,major,chemistry,25.0,45.0,1.0
PH,major,communication,18.0,56.0,1.0
PH,major,computer science,23.0,93.0,2.0
PH,major,economics,20.0,21.0,1.0
PH,major,education,26.0,92.5,2.0
PH,major,english,26.667,44.667,3.0
PH,major,information technology,21.0,58.5,2.0
PH,major,nursing,22.333,65.667,3.0
PH,major,psychology,19.143,56.429,7.0
PH,major,sociology,23.0,62.0,1.0
PK,major,biology,21.0,102.0,1.0
PK,major,chemistry,28.5,62.0,2.0
PK,major,communication,23.0,98.0,1.0
PK,major,economics,19.0,73.0,1.0
PK,major,education,21.0,37.0,1.0
PK,major,engineering,30.0,84.0,1.0
PK,major,english,30.5,63.667,6.0
PK,major,law,35.0,83.0,1.0
PK,major,management,38.0,21.0,1.0
PK,major,mathematics,24.0,56.0,1.0
PK,major,medicine,27.5,46.333,6.0
PK,major,psychology,20.75,54.5,8.0
PK,major,sociology,25.5,96.0,2.0
PL,major,architecutre,20.0,54.0,1.0
PL,major,biology,20.0,77.0,2.0
PL,major,communication,28.0,107.0,1.0
PL,major,computer science,31.0,40.667,3.0
PL,major,economics,25.8,47.2,5.0
PL,major,engineering,44.333,34.667,3.0
PL,major,english,25.5,61.0,6.0
PL,major,information technology,27.4,85.8,5.0
PL,major,law,27.0,67.0,1.0
PL,major,management,26.333,61.667,3.0
PL,major,mathematics,23.0,21.0,1.0
PL,major,medicine,21.5,75.5,2.0
PL,major,physics,42.0,58.0,1.0
PL,major,psychology,21.5,59.833,6.0
PL,major,sociology,31.0,41.333,3.0
PT,major,accounting,19.0,87.0,1.0
PT,major,architecutre,26.0,21.5,2.0
PT,major,computer science,19.0,50.0,1.0
PT,major,engineering,22.0,39.0,2.0
PT,major,history,35.0,18.0,1.0
PT,major,information technology,35.0,108.0,1.0
PT,major,law,45.0,73.0,1.0
PT,major,mathematics,51.0,44.0,2.0
PT,major,psychology,21.4,54.2,5.0
RO,major,biology,19.0,86.0,1.0
RO,major,business,37.4,46.8,5.0
RO,major,computer science,28.25,44.25,4.0
RO,major,economics,28.833,58.0,6.0
RO,major,engineering,35.667,36.0,3.0
RO,major,english,25.0,42.667,3.0
RO,major,information technology,22.0,31.0,1.0
RO,major,law,25.0,72.0,3.0
RO,major,mathematics,22.0,21.0,1.0
RO,major,medicine,27.667,40.333,3.0
RO,major,psychology,23.5,31.5,6.0
RO,major,sociology,29.0,93.5,2.0
RS,major,architecutre,39.5,27.5,2.0
RS,major,computer science,39.0,26.0,1.0
RS,major,economics,20.0,60.0,1.0
RS,major,english,27.0,47.667,3.0
RS,major,history,22.0,68.0,1.0
RS,major,information technology,36.0,74.0,1.0
RS,major,law,36.0,22.0,2.0
RS,major,mathematics,19.5,39.5,2.0
RS,major,physics,27.0,47.0,1.0
RS,major,psychology,27.333,43.333,3.0
RS,major,science,22.0,8.0,1.0
RU,major,biology,22.0,48.0,1.0
RU,major,business,24.0,90.0,1.0
RU,major,computer science,20.0,40.25,4.0
RU,major,engineering,18.5,74.5,2.0
RU,major,english,18.0,89.0,1.0
RU,major,mathematics,26.0,43.0,1.0
RU,major,medicine,22.667,52.667,6.0
RU,major,music,26.0,19.0,1.0
RU,major,physics,17.0,59.0,1.0
RU,major,psychology,24.25,40.5,4.0
SA,major,architecutre,22.0,107.0,1.0
SA,major,chemistry,25.0,62.0,1.0
SA,major,computer science,34.0,30.0,1.0
SA,major,economics,32.0,61.0,1.0
SA,major,engineering,17.0,67.0,1.0
SA,major,english,32.8,54.6,5.0
SA,major,medicine,21.5,78.833,6.0
SA,major,nursing,27.5,18.0,2.0
SA,major,psychology,24.0,25.75,4.0
SE,major,art,42.0,65.0,1.0
SE,major,biology,59.0,46.0,1.0
SE,major,computer science,57.0,100.0,1.0
SE,major,economics,46.0,51.0,1.0
SE,major,english,38.0,53.0,1.0
SE,major,information technology,20.0,77.0,1.0
SE,major,mathematics,53.0,46.0,1.0
SE,major,medicine,22.5,51.0,2.0
SE,major,music,19.0,60.0,1.0
SE,major,political science,44.0,64.0,1.0
SE,major,psychology,34.8,51.8,5.0
SE,major,sociology,34.667,46.333,3.0
SG,major,accounting,22.4,49.6,5.0
SG,major,architecutre,20.5,30.0,2.0
SG,major,art,21.0,89.0,1.0
SG,major,biology,24.5,36.5,2.0
SG,major,business,26.0,49.5,8.0
SG,major,chemistry,25.0,20.0,2.0
SG,major,computer science,23.0,30.333,3.0
SG,major,economics,45.0,5.0,1.0
SG,major,education,42.0,60.0,1.0
SG,major,engineering,28.0,53.167,6.0
SG,major,english,33.667,45.444,9.0
SG,major,history,25.0,86.0,2.0
SG,major,information technology,30.0,71.0,2.0
SG,major,law,33.5,39.75,4.0
SG,major,management,28.0,18.0,1.0
SG,major,mathematics,26.5,49.0,2.0
SG,major,medicine,34.5,25.5,2.0
SG,major,music,23.5,83.5,2.0
SG,major,nursing,23.0,32.0,2.0
SG,major,psychology,22.5,67.75,8.0
SG,major,science,26.333,72.667,3.0
SG,major,sociology,23.0,6.0,1.0
TR,major,accounting,17.0,37.0,1.0
TR,major,biology,26.5,67.0,2.0
TR,major,business,32.333,38.333,3.0
TR,major,computer science,28.0,50.0,2.0
TR,major,economics,23.0,54.0,1.0
TR,major,engineering,25.0,87.0,2.0
TR,major,english,18.333,42.0,3.0
TR,major,history,16.0,92.0,1.0
TR,major,medicine,22.0,78.667,3.0
TR,major,music,48.0,43.0,1.0
TR,major,physics,19.0,66.0,1.0
TR,major,psychology,20.4,48.8,5.0
US,major,accounting,35.209,51.744,43.0
US,major,architecutre,30.833,51.0,12.0
US,major,art,32.333,59.13,54.0
US,major,biology,26.455,48.195,123.0
US,major,business,35.783,47.159,138.0
US,major,chemistry,28.682,46.091,22.0
US,major,communication,29.893,41.821,28.0
US,major,computer science,26.713,48.897,87.0
US,major,economics,27.091,46.727,22.0
US,major,education,35.398,49.349,83.0
US,major,engineering,27.091,46.141,99.0
US,major,english,30.345,57.324,142.0
US,major,history,37.844,50.889,45.0
US,major,information technology,30.714,56.714,7.0
US,major,law,33.879,49.758,33.0
US,major,management,28.364,44.818,11.0
US,major,mathematics,28.739,53.174,23.0
US,major,medicine,31.219,49.938,32.0
US,major,music,25.933,60.356,45.0
US,major,nursing,31.735,56.929,113.0
US,major,physics,26.25,65.958,24.0
US,major,political science,36.333,47.889,36.0
US,major,psychology,28.11,51.908,401.0
US,major,science,32.524,49.333,21.0
US,major,sociology,33.848,46.96,99.0
ZA,major,accounting,26.0,47.0,2.0
ZA,major,architecutre,21.0,66.0,1.0
ZA,major,business,34.5,60.0,2.0
ZA,major,computer science,35.0,55.0,1.0
ZA,major,education,24.5,66.5,2.0
ZA,major,engineering,20.0,80.0,1.0
ZA,major,english,34.0,18.0,1.0
ZA,major,information technology,24.5,46.5,2.0
ZA,major,law,30.5,67.5,2.0
ZA,major,management,24.0,62.0,1.0
ZA,major,nursing,18.0,31.0,1.0
ZA,major,physics,23.0,78.0,1.0
ZA,major,psychology,33.6,84.2,5.0
ZA,major,science,28.0,17.0,1.0
